Ticker ,Name ,Market cap 
3BBLACKBIO,3B Blackbio Dx Limited,#N/A
ABANSENT,Abans Enterprises Limited,#N/A
ABMKNO,ABM Knowledgeware Limited,#N/A
ACSTECH,ACS Technologies Limited,#N/A
AKCAPIT,AK Capital Services Limited,#N/A
AMBALALSA,Ambalal Sarabhai Enterprises Limited,#N/A
ARIHANT,Arihant Foundations & Housing Limited,#N/A
ASHIKA,Ashika Credit Capital Limited,#N/A
ASTAR,Asian Star Company Limited,#N/A
AVAILFC,Available Finance Limited,#N/A
BAJAJST,Bajaj Steel Industries Limited,#N/A
BATLIBOI,Batliboi Limited,#N/A
BEEKAY,Beekay Steel Industries Limited,#N/A
BENGALASM,Bengal & Assam Company Limited,#N/A
BI,Bilcare Limited,#N/A
BIMETAL,Bimetal Bearings Limited,#N/A
BIRLAPREC,Birla Precision Technologies Limited,#N/A
BLACKROSE,Black Rose Inds. Limited,#N/A
BLIL,Balmer Lawrie Investments Limited,#N/A
BNAGROCHEM,BN Agrochem Limited,#N/A
BNALTD,B & A Limited,#N/A
BTTL,Bhilwara Technical Textiles Limited,#N/A
COCKERILL,John Cockerill India Limited,#N/A
COMFINTE,Comfort Intech Limited,#N/A
DAICHI,Dai-Ichi Karkaria Limited,#N/A
DECNGOLD,Deccan Gold Mines Limited,#N/A
DISAQ,Disa India Limited,#N/A
DRAGARWQ,Dr Agarwals Eye Hospital Limited,#N/A
ELANTAS,Elantas Beck India Limited,#N/A
ELCIDIN,EL CID Investments Limited,#N/A
ELITECON,Elitecon International Limited,#N/A
ELPROINTL,Elpro International Limited,#N/A
EMPOWER,Empower India Limited,#N/A
FEDDERSHOL,Fedders Holding Limited,#N/A
FERMENTA,Fermenta Biotech Limited,#N/A
FRONTSP,Frontier Springs Limited,#N/A
GLOTTIS,Glottis Limited,#N/A
GNRL,Gujarat Natural Resources Limited,#N/A
GOODYEAR,Goodyear India Limited,#N/A
GRANDOAK,Grand Oak Canyons Distillery Limited,#N/A
GRAUWEIL,Grauer & Weil India Limited,#N/A
GRAVISSHO,Graviss Hospitality Limited,#N/A
HALDYNGL,Haldyn Glass Limited,#N/A
HAWKINCOOK,Hawkins Cookers Limited,#N/A
HBESD,HB Estate Developers Limited,#N/A
HEALTHX,Health X Platform Limited,#N/A
INDPRUD,Industrial & Prudential Investment Company Limited,#N/A
INVPRECQ,Investment & Precision Castings Limited,#N/A
IWP,The Indian Wood Products Company Limited,#N/A
KAMAHOLD,Kama Holdings Limited,#N/A
KANCHI,Kanchi Karpooram Limited,#N/A
KENNAMET,Kennametal India Limited,#N/A
KIRANVYPAR,Kiran Vyapar Limited,#N/A
KIRLFER,Kirloskar Ferrous Industries Limited,#N/A
KLBRENG-B,Kilburn Engineering Limited,#N/A
KOTIC,Kothari Industrial Corporation Limited,#N/A
KOVAI,Kovai Medical Center & Hospital Limited,#N/A
KPL,Kwality Pharmaceuticals Limited,#N/A
LAHOTIOV,Lahoti Overseas Limited,#N/A
MADHAVIPL,Madhav Infra Projects Limited,#N/A
MAFATIND,Mafatlal Industries Limited,#N/A
MAJESAUT,Majestic Auto Limited,#N/A
MCCHRLS-B,Mac Charles India Limited,#N/A
MENNPIS,Menon Pistons Limited,#N/A
MERCANTILE,Mercantile Ventures Limited,#N/A
METROGLOBL,Metroglobal Limited,#N/A
MMWL,Media Matrix Worldwide Limited,#N/A
NATIONSTD,National Standard (India) Limited,#N/A
NEAGI,Neelamalai Agro Industries Limited,#N/A
NILE,Nile Limited,#N/A
NIRLON,Nirlon Limited,#N/A
NITTAGELA,Nitta Gelatin India Limited,#N/A
NOVARTIND,Novartis India Limited,#N/A
PIONRINV,Pioneer Investcorp Limited,#N/A
PML,Paul Merchants Limited,#N/A
PRADPME,Pradeep Metals Limited,#N/A
PRAVEG,Praveg Limited,#N/A
PREMCO,Premco Global Limited,#N/A
QUINT,Quint Digital Limited,#N/A
RAJPALAYAM,Rajapalayam Mills Limited,#N/A
RRIL,RRIL Limited,#N/A
RSDFIN,RSD Finance Limited,#N/A
SAPPL,Shree Ajit Pulp & Paper Limited,#N/A
SAYAJIHOTL,Sayaji Hotels Limited,#N/A
SCANSTL,Scan Steels Limited,#N/A
SEIL,Shanti Educational Initiatives Limited,#N/A
SHARDUL,Shardul Securities Limited,#N/A
SHBAJRG,Shri Bajrang Alliance Limited,#N/A
SHINDL,Sharat Industries Limited,#N/A
SHRIKRISH,Shri Krishna Devcon Limited,#N/A
SICAGEN,Sicagen India Limited,#N/A
SIKA,Sika Interplant Systems Limited,#N/A
SONAL,Sonal Mercantile Limited,#N/A
SURYALA,Suryalata Spinning Mills Limited,#N/A
TAALTECH,Taal Tech Limited,#N/A
TAMBOLIIN,Tamboli Industries Limited,#N/A
TECHNVISN,TechNVision Ventures Limited,#N/A
THACKER,Thacker & Company Limited,#N/A
THAKDEV,Thakkers Developers Limited,#N/A
TIMEX,Timex Group India Limited,#N/A
TRANSPEK,Transpek Industry Limited,#N/A
ULTRAMAR,Ultramarine & Pigments Limited,#N/A
VELJAN,Veljan Denison Limited,#N/A
WELSPLSOL,Welspun Specialty Solutions Limited,#N/A
WIMPLAST,Wim Plast Limited,#N/A
WPIL,WPIL Limited,#N/A
ZFSTEERING,ZF Steering Gear (India) Limited,#N/A
ZSARACOM,Saraswati Commercial India Limited,#N/A
FISCHER,Fischer Medical Ventures Limited,"2,484.54"
SOTL,Savita Oil Technologies Limited,"2,481.20"
AJMERA,Ajmera Realty & Infra India Limited,"2,459.84"
TIRUMALCHM,Thirumalai Chemicals Limited,"2,459.28"
GIPCL,Gujarat Industries Power Company Limited,"2,450.86"
CAMLINFINE,Camlin Fine Sciences Limited,"2,436.81"
KPEL,K.P. Energy Limited,"2,433.45"
EVEREADY,Eveready Industries India Limited,"2,420.49"
VEEDOL,Veedol Corporation Limited,"2,418.54"
ANTELOPUS,Antelopus Selan Energy Limited,"2,412.14"
UNIPARTS,Uniparts India Limited,"2,403.03"
SIRCA,Sirca Paints India Limited,"2,402.34"
BEPL,Bhansali Engineering Polymers Limited,"2,392.28"
TCPLPACK,TCPL Packaging Limited,"2,388.28"
MMFL,MM Forgings Limited,"2,387.04"
MAYURUNIQ,Mayur Uniquoters Ltd,"2,386.63"
XPROINDIA,Xpro India Limited,"2,372.86"
DIAMONDYD,Prataap Snacks Limited,"2,370.13"
JISLDVREQS,Jain Irrigation Systems Limited,"2,368.57"
JISLJALEQS,Jain Irrigation Systems Limited,"2,368.57"
DPABHUSHAN,D. P. Abhushan Limited,"2,362.80"
RHETAN,Rhetan TMT Limited,"2,361.94"
SAGCEM,Sagar Cements Limited,"2,355.74"
JAYKAY,Jaykay Enterprises Limited,"2,351.68"
HONDAPOWER,Honda India Power Products Limited,"2,342.14"
ALEMBICLTD,Alembic Limited,"2,341.85"
BOMDYEING,Bombay Dyeing & Mfg Company Limited,"2,335.08"
HIKAL,Hikal Limited,"2,333.47"
KCP,KCP Limited,"2,328.96"
RAMCOIND,Ramco Industries Limited,"2,327.35"
MONARCH,Monarch Networth Capital Limited,"2,323.35"
BHARATRAS,Bharat Rasayan Limited,"2,301.52"
HPL,HPL Electric & Power Limited,"2,299.39"
PRABHA,Prabha Energy Limited,"2,271.90"
PENIND,Pennar Industries Limited,"2,262.24"
RAJRATAN,Rajratan Global Wire Limited,"2,261.85"
KERNEX,Kernex Microsystems (India) Limited,"2,259.76"
RML,Rane (Madras) Limited,"2,252.43"
MUFIN,Mufin Green Finance Limited,"2,246.17"
VENKEYS,Venky's (India) Limited,"2,244.02"
CEINSYS,Ceinsys Tech Limited,"2,237.08"
HLEGLAS,HLE Glascoat Limited,"2,228.80"
PANACEABIO,Panacea Biotec Limited,"2,225.13"
ADVAIT,Advait Energy Transitions Limited,"2,212.88"
DIVGIITTS,Divgi Torqtransfer Systems Limited,"2,208.09"
SOLARA,Solara Active Pharma Sciences Limited,"2,186.54"
ARKADE,Arkade Developers Limited,"2,183.40"
SAIPARENT,Sai Parenterals Limited,"2,155.95"
PROTEAN,Protean eGov Technologies Limited,"2,154.93"
BAJEL,Bajel Projects Limited,"2,154.42"
SERVOTECH,Servotech Renewable Power System Limited,"2,145.53"
CAPACITE,Capacit'e Infraprojects Limited,"2,130.67"
NUCLEUS,Nucleus Software Exports Limited,"2,114.19"
PIXTRANS,Pix Transmissions Limited,"2,111.91"
NITCO,Nitco Limited,"2,111.73"
BFUTILITIE,BF Utilities Limited,"2,101.89"
UEL,Ujaas Energy Limited,"2,101.59"
HINDOILEXP,Hindustan Oil Exploration Company Limited,"2,097.38"
KICL,Kalyani Investment Company Limited,"2,089.43"
SCILAL,Shipping Corporation of India Land and Assets Limited,"2,077.46"
TEAMLEASE,Teamlease Services Limited,"2,065.84"
APCOTEXIND,Apcotex Industries Limited,"2,060.32"
SILVERTUC,Silver Touch Technologies Limited,"2,060.12"
TALBROAUTO,Talbros Automotive Components Limited,"2,057.34"
VIMTALABS,Vimta Labs Limited,"2,041.61"
SPAL,S. P. Apparels Limited,"2,038.89"
INSECTICID,Insecticides (India) Limited,"2,036.56"
TAJGVK,Taj GVK Hotels & Resorts Limited,"2,034.64"
JAICORPLTD,Jai Corp Limited,"2,032.03"
BGRENERGY,BGR Energy Systems Limited,"2,026.82"
FILATEX,Filatex India Limited,"2,024.91"
CANTABIL,Cantabil Retail India Limited,"2,022.87"
SHK,S H Kelkar and Company Limited,"2,022.61"
JNKINDIA,JNK India Limited,"2,016.96"
TCIEXP,TCI Express Limited,"2,014.50"
EPACKPEB,EPack Prefab Technologies Limited,"2,014.15"
MSPL,MSP Steel & Power Limited,"2,012.70"
PFS,PTC India Financial Services Limited,"2,001.35"
MUKANDLTD,Mukand Limited,"1,994.76"
SASKEN,Sasken Technologies Limited,"1,991.46"
LAOPALA,La Opala RG Limited,"1,986.90"
EIHAHOTELS,EIH Associated Hotels Limited,"1,980.12"
APOLLOPIPE,Apollo Pipes Limited,"1,979.89"
VINCOFE,Vintage Coffee And Beverages Limited,"1,977.87"
MTNL,Mahanagar Telephone Nigam Limited,"1,975.05"
THEJO,Thejo Engineering Limited,"1,970.66"
AURUM,Aurum PropTech Limited,"1,965.87"
GSPCROP,GSP Crop Science Limited,"1,958.90"
ASIANTILES,Asian Granito India Limited,"1,947.84"
SHRINGARMS,Shringar House of Mangalsutra Limited,"1,947.35"
NILKAMAL,Nilkamal Limited,"1,944.26"
EMSLIMITED,EMS Limited,"1,932.47"
INDOCO,Indoco Remedies Limited,"1,930.95"
STUDDS,Studds Accessories Limited,"1,927.14"
BCG,Brightcom Group Limited,"1,925.65"
SATIN,Satin Creditcare Network Limited,"1,920.64"
KRSNAA,Krsnaa Diagnostics Limited,"1,917.82"
DELTACORP,Delta Corp Limited,"1,903.86"
HGS,Hinduja Global Solutions Limited,"1,903.61"
SOMANYCERA,Somany Ceramics Limited,"1,900.33"
MBEL,M & B Engineering Limited,"1,887.61"
SIMPLEXINF,Simplex Infrastructures Limited,"1,882.55"
ADOR,Ador Welding Limited,"1,881.24"
SPORTKING,Sportking India Limited,"1,880.67"
HITECH,Hi-Tech Pipes Limited,"1,875.07"
MOLDTKPAC,Mold-Tek Packaging Limited,"1,874.44"
TCC,TCC Concept Limited,"1,862.86"
VIKRAN,Vikran Engineering Limited,"1,862.12"
SPECTRUM,Spectrum Electrical Industries Limited,"1,858.97"
VIDYAWIRES,Vidya Wires Limited,"1,858.52"
VERANDA,Veranda Learning Solutions Limited,"1,856.77"
COSMOFIRST,COSMO FIRST LIMITED,"1,852.76"
NDRAUTO,Ndr Auto Components Limited,"1,847.16"
GNA,GNA Axles Limited,"1,839.58"
SPANDANA,Spandana Sphoorty Financial Limited,"1,823.83"
CONFIPET,Confidence Petroleum India Limited,"1,820.81"
RISHABH,Rishabh Instruments Limited,"1,819.28"
SDBL,Som Distilleries & Breweries Limited,"1,816.43"
STOVEKRAFT,Stove Kraft Limited,"1,813.10"
YASHO,Yasho Industries Limited,"1,808.56"
GEOJITFSL,Geojit Financial Services Limited,"1,806.76"
SAKSOFT,Saksoft Limited,"1,802.29"
DYCL,Dynamic Cables Limited,"1,802.27"
WAAREEINDO,Indosolar Limited,"1,800.19"
WINDLAS,Windlas Biotech Limited,"1,796.45"
TASTYBITE,Tasty Bite Eatables Limited,"1,794.28"
INDNIPPON,India Nippon Electricals Limited,"1,791.73"
HINDWAREAP,Hindware Home Innovation Limited,"1,788.27"
BLSE,BLS E-Services Limited,"1,785.89"
ORIENTHOT,Oriental Hotels Limited,"1,774.38"
ASALCBR,Associated Alcohols & Breweries Ltd.,"1,770.98"
SHALBY,Shalby Limited,"1,761.52"
INFOBEAN,InfoBeans Technologies Limited,"1,748.18"
IPL,India Pesticides Limited,"1,742.23"
STALLION,Stallion India Fluorochemicals Limited,"1,741.94"
SPMLINFRA,SPML Infra Limited,"1,733.12"
INDIANHUME,Indian Hume Pipe Company Limited,"1,722.96"
SOLARWORLD,Solarworld Energy Solutions Limited,"1,712.39"
DOLLAR,Dollar Industries Limited,"1,700.35"
MOBIKWIK,One Mobikwik Systems Limited,"1,695.69"
SUMMITSEC,Summit Securities Limited,"1,695.39"
DOLPHIN,Dolphin Offshore Enterprises (India) Limited,"1,678.53"
YATRA,Yatra Online Limited,"1,667.78"
LANDMARK,Landmark Cars Limited,"1,665.23"
AMRUTANJAN,Amrutanjan Health Care Limited,"1,648.03"
SANSTAR,Sanstar Limited,"1,641.84"
GODAVARIB,Godavari Biorefineries Limited,"1,635.58"
VINDHYATEL,Vindhya Telelinks Limited,"1,616.14"
GOCLCORP,GOCL Corporation Limited,"1,611.85"
MCLOUD,Magellanic Cloud Limited,"1,609.97"
RANEHOLDIN,Rane Holdings Limited,"1,609.11"
5PAISA,5Paisa Capital Limited,"1,608.67"
SBC,SBC Exports Limited,"1,606.67"
SEPC,SEPC Limited,"1,605.72"
DLINKINDIA,D-Link (India) Limited,"1,601.27"
NELCO,NELCO Limited,"1,597.97"
EXICOM,Exicom Tele-Systems Limited,"1,597.84"
ARFIN,Arfin India Limited,"1,594.26"
JGCHEM,J.G.Chemicals Limited,"1,593.71"
WALCHANNAG,Walchandnagar Industries Limited,"1,590.13"
JYOTISTRUC,Jyoti Structures Limited,"1,580.36"
SUMEETINDS,Sumeet Industries Limited,"1,579.50"
GARUDA,Garuda Construction and Engineering Limited,"1,570.92"
BFINVEST,BF Investment Limited,"1,566.79"
TIL,TIL Limited,"1,566.52"
ARMANFIN,Arman Financial Services Limited,"1,563.27"
GTLINFRA,GTL Infrastructure Limited,"1,562.71"
JINDRILL,Jindal Drilling And Industries Limited,"1,562.08"
ASTEC,Astec LifeSciences Limited,"1,548.61"
ALLTIME,All Time Plastics Limited,"1,545.98"
RAMCOSYS,Ramco Systems Limited,"1,542.48"
OMAXE,Omaxe Limited,"1,537.83"
RICOAUTO,Rico Auto Industries Limited,"1,530.61"
ALGOQUANT,Algoquant Fintech Limited,"1,527.20"
VIDHIING,Vidhi Specialty Food Ingredients Limited,"1,511.12"
PRECAM,Precision Camshafts Limited,"1,510.27"
BHARATWIRE,Bharat Wire Ropes Limited,"1,509.55"
NAVKARCORP,Navkar Corporation Limited,"1,508.97"
GOCOLORS,Go Fashion (India) Limited,"1,504.25"
RACLGEAR,RACL Geartech Limited,"1,500.62"
KALAMANDIR,Sai Silks (Kalamandir) Limited,"1,497.66"
GREENPOWER,Orient Green Power Company Limited,"1,475.64"
SULA,Sula Vineyards Limited,"1,474.45"
IRMENERGY,IRM Energy Limited,"1,466.57"
SURAKSHA,Suraksha Diagnostic Limited,"1,463.83"
APEX,Apex Frozen Foods Limited,"1,458.75"
SHRIRAMPPS,Shriram Properties Limited,"1,453.98"
DIGITIDE,Digitide Solutions Limited,"1,450.03"
ALLCARGO,Allcargo Logistics Limited,"1,449.86"
AWHCL,Antony Waste Handling Cell Limited,"1,446.39"
PUNJABCHEM,Punjab Chemicals & Crop Protection Limited,"1,444.49"
SHANTIGOLD,Shanti Gold International Limited,"1,441.92"
JAGRAN,Jagran Prakashan Limited,"1,435.87"
ASIANENE,Asian Energy Services Limited,"1,434.53"
GPTINFRA,GPT Infraprojects Limited,"1,433.99"
SPIC,Southern Petrochemicals Industries Corporation Limited,"1,432.61"
IVALUE,Ivalue Infosolutions Limited,"1,419.61"
ONEPOINT,One Point One Solutions Limited,"1,417.49"
WEL,Wonder Electricals Limited,"1,416.44"
JAGSNPHARM,Jagsonpal Pharmaceuticals Limited,"1,412.41"
SMCGLOBAL,SMC Global Securities Limited,"1,402.98"
SAKAR,Sakar Healthcare Limited,"1,397.41"
WENDT,Wendt (India) Limited,"1,396.57"
SOLEX,Solex Energy Limited,"1,395.68"
MAHASTEEL,Mahamaya Steel Industries Limited,"1,394.79"
EASEMYTRIP,Easy Trip Planners Limited,"1,394.19"
AMIRCHAND,Amir Chand Jagdish Kumar (Exports) Limited,"1,392.77"
CLSEL,Chaman Lal Setia Exports Limited,"1,392.32"
DCW,DCW Limited,"1,390.48"
PASHUPATI,Pashupati Cotspin Limited,"1,389.78"
DSSL,Dynacons Systems & Solutions Limited,"1,386.11"
HESTERBIO,Hester Biosciences Limited,"1,382.37"
UFBL,United Foodbrands Limited,"1,374.94"
IFGLEXPOR,IFGL Refractories Limited,"1,372.98"
SIGNPOST,Signpost India Limited,"1,371.08"
NGLFINE,NGL Fine-Chem Limited,"1,368.12"
AYMSYNTEX,AYM Syntex Limited,"1,366.76"
DOLATALGO,Dolat Algotech Limited,"1,364.00"
ATULAUTO,Atul Auto Limited,"1,362.59"
MOTISONS,Motisons Jewellers Limited,"1,362.39"
STLNETWORK,STL Networks Limited,"1,362.09"
HUHTAMAKI,Huhtamaki India Limited,"1,355.69"
GANDHAR,Gandhar Oil Refinery (India) Limited,"1,355.03"
PNGSREVA,PNGS Reva Diamond Jewellery Limited,"1,353.52"
BETA,Beta Drugs Limited,"1,348.31"
EKC,Everest Kanto Cylinder Limited,"1,338.19"
ANDHRSUGAR,The Andhra Sugars Limited,"1,328.25"
HARDWYN,Hardwyn India Limited,"1,328.05"
IGPL,IG Petrochemicals Limited,"1,323.25"
DEN,Den Networks Limited,"1,321.59"
TINNARUBR,Tinna Rubber and Infrastructure Limited,"1,296.59"
VENUSREM,Venus Remedies Limited,"1,293.12"
LGHL,Laxmi Goldorna House Limited,"1,292.89"
PLATIND,Platinum Industries Limited,"1,291.78"
SYNCOMF,Syncom Formulations (India) Limited,"1,291.56"
SALASAR,Salasar Techno Engineering Limited,"1,289.99"
BLKASHYAP,B. L. Kashyap and Sons Limited,"1,288.62"
PNBGILTS,PNB Gilts Limited,"1,278.07"
TTKHLTCARE,TTK Healthcare Limited,"1,277.52"
SHREEPUSHK,Shree Pushkar Chemicals & Fertilisers Limited,"1,277.34"
ASIANHOTNR,Asian Hotels (North) Limited,"1,276.87"
UNITECH,Unitech Limited,"1,271.52"
CAPITALSFB,Capital Small Finance Bank Limited,"1,269.73"
ORIENTTECH,Orient Technologies Limited,"1,261.95"
EXPLEOSOL,Expleo Solutions Limited,"1,259.66"
ICEMAKE,Ice Make Refrigeration Limited,"1,258.67"
AQYLON,Aqylon Nexus Limited,"1,253.43"
IMPAL,India Motor Parts and Accessories Limited,"1,253.12"
ALLDIGI,Alldigi Tech Limited,"1,250.60"
MOL,Meghmani Organics Limited,"1,248.68"
STEELXIND,STEEL EXCHANGE INDIA LIMITED,"1,247.22"
QUADFUTURE,Quadrant Future Tek Limited,"1,243.60"
NELCAST,Nelcast Limited,"1,236.98"
TEXINFRA,Texmaco Infrastructure & Holdings Limited,"1,234.89"
IKIO,IKIO Technologies Limited,"1,219.83"
HMAAGRO,HMA Agro Industries Limited,"1,218.37"
IGARASHI,Igarashi Motors India Limited,"1,217.59"
MIRCELECTR,MIRC Electronics Limited,"1,216.80"
RUPA,Rupa & Company Limited,"1,215.93"
BALAJITELE,Balaji Telefilms Limited,"1,205.03"
PARACABLES,Paramount Communications Limited,"1,203.44"
EXCELINDUS,Excel Industries Limited,"1,200.69"
DHANBANK,Dhanlaxmi Bank Limited,"1,199.49"
INDSWFTLAB,Ind-Swift Laboratories Limited,"1,194.35"
ARIHANTSUP,Arihant Superstructures Limited,"1,190.08"
KROSS,Kross Limited,"1,188.86"
BHARATSE,Bharat Seats Limited,"1,180.64"
RIIL,Reliance Industrial Infrastructure Limited,"1,178.03"
RAJRILTD,Raj Rayon Industries Limited,"1,173.89"
TARSONS,Tarsons Products Limited,"1,168.75"
MONTECARLO,Monte Carlo Fashions Limited,"1,164.42"
HITECHGEAR,The Hi-Tech Gears Limited,"1,161.83"
PAUSHAKLTD,Paushak Limited,"1,158.51"
MANAKCOAT,Manaksia Coated Metals & Industries Limited,"1,157.29"
JPOLYINVST,Jindal Poly Investment and Finance Company Limited,"1,155.05"
SALZERELEC,Salzer Electronics Limited,"1,154.77"
SRM,SRM Contractors Limited,"1,153.41"
ALICON,Alicon Castalloy Limited,"1,152.93"
RSL,Rajputana Stainless Limited,"1,150.57"
CENTRUM,Centrum Capital Limited,"1,144.99"
CIFL,Capital India Finance Limited,"1,134.49"
JINDALPHOT,Jindal Photo Limited,"1,132.62"
GPTHEALTH,GPT Healthcare Limited,"1,128.25"
MACPOWER,Macpower CNC Machines Limited,"1,128.07"
GULPOLY,Gulshan Polyols Limited,"1,123.41"
GENESYS,Genesys International Corporation Limited,"1,122.87"
ARIS,Arisinfra Solutions Limited,"1,120.63"
HIMATSEIDE,Himatsingka Seide Limited,"1,116.47"
DIFFNKG,Diffusion Engineers Limited,"1,115.20"
SURAJEST,Suraj Estate Developers Limited,"1,113.28"
RATNAVEER,Ratnaveer Precision Engineering Limited,"1,110.02"
MADRASFERT,Madras Fertilizers Limited,"1,108.70"
ROTO,Roto Pumps Limited,"1,095.62"
LAXMIDENTL,Laxmi Dental Limited,"1,089.23"
DAMCAPITAL,Dam Capital Advisors Limited,"1,086.73"
BAJAJHCARE,Bajaj Healthcare Limited,"1,080.57"
FAZE3Q,Faze Three Limited,"1,077.75"
VHL,Vardhman Holdings Limited,"1,077.72"
EXCELSOFT,Excelsoft Technologies Limited,"1,076.15"
SHREDIGCEM,Shree Digvijay Cement Co.Ltd,"1,075.06"
RGL,Renaissance Global Limited,"1,074.65"
LEMERITE,Le Merite Exports Limited,"1,071.60"
IZMO,IZMO Limited,"1,059.36"
FINOPB,Fino Payments Bank Limited,"1,056.56"
AEROENTER,Aeroflex Enterprises Limited,"1,056.25"
UDS,Updater Services Limited,"1,056.12"
AVTNPL,AVT Natural Products Limited,"1,055.33"
BCLIND,Bcl Industries Limited,"1,053.44"
WCIL,Western Carriers (India) Limited,"1,047.39"
UNIECOM,Unicommerce Esolutions Limited,"1,045.78"
KAPSTON,Kapston Services Limited,"1,045.50"
OAL,Oriental Aromatics Limited,"1,043.90"
MICEL,MIC Electronics Limited,"1,043.58"
MWL,Mangalam Worldwide Limited,"1,041.90"
TNPL,Tamil Nadu Newsprint & Papers Limited,"1,041.41"
RAJOOENG,Rajoo Engineers Limited,"1,035.95"
CREST,Crest Ventures Limited,"1,034.42"
BSHSL,Bombay Super Hybrid Seeds Limited,"1,033.11"
HARIOMPIPE,Hariom Pipe Industries Limited,"1,030.44"
BIL,Bhartiya International Limited,"1,027.77"
ELECTHERM,Electrotherm (India) Limited,"1,027.33"
MAMATA,Mamata Machinery Limited,"1,026.39"
BIRLANU,BirlaNu Limited,"1,025.97"
YUKEN,Yuken India Limited,"1,025.25"
AFSL,Abans Financial Services Limited,"1,023.07"
CONTROLPR,Control Print Limited,"1,022.03"
BOROSCI,Borosil Scientific Limited,"1,018.84"
ORICONENT,Oricon Enterprises Limited,"1,016.10"
ABINFRA,A B Infrabuild Limited,"1,013.67"
GRPLTD,GRP Limited,"1,012.11"
GANDHITUBE,Gandhi Special Tubes Limited,"1,012.02"
FINKURVE,Finkurve Financial Services Limited,"1,011.28"
SWELECTES,Swelect Energy Systems Limited,"1,009.57"
WEALTH,Wealth First Portfolio Managers Limited,"1,005.62"
MASTERTR,Master Trust Limited,"1,005.41"
DHAMPURSUG,Dhampur Sugar Mills Limited,"1,004.97"
INDORAMA,Indo Rama Synthetics (India) Limited,"1,001.63"
