Symbol ,Name 
20MICRONS,20 Microns Limited
21STCENMGM,21st Century Management Services Limited
3IINFOLTD,3i Infotech Limited
3PLAND,3P Land Holdings Limited
5PAISA,5Paisa Capital Limited
63MOONS,63 moons technologies limited
A2ZINFRA,A2Z Infra Engineering Limited
AAATECH,AAA Technologies Limited
AAKASH,Aakash Exploration Services Limited
AAREYDRUGS,Aarey Drugs & Pharmaceuticals Limited
AARNAV,Aarnav Fashions Limited
AARON,Aaron Industries Limited
AARTECH,Aartech Solonics Limited
AARTIDRUGS,Aarti Drugs Limited
AARTIPHARM,Aarti Pharmalabs Limited
AARTISURF,Aarti Surfactants Limited
AARVI,Aarvi Encon Limited
ABCOTS,A B Cotspin India Limited
ABINFRA,A B Infrabuild Limited
ABMINTLLTD,ABM International Limited
ACCURACY,Accuracy Shipping Limited
ACEINTEG,Ace Integrated Solutions Limited
ACI,Archean Chemical Industries Limited
ACL,Andhra Cements Limited
ACUTAAS,Acutaas Chemicals Limited
ADFFOODS,ADF Foods Limited
ADL,Archidply Decor Limited
ADOR,Ador Welding Limited
ADROITINFO,Adroit Infotech Limited
ADSL,Allied Digital Services Limited
ADVAIT,Advait Energy Transitions Limited
ADVANCE,Advance Agrolife Limited
ADVENTHTL,Advent Hotels International Limited
ADVENZYMES,Advanced Enzyme Technologies Limited
AEPL,Artemis Electricals and Projects Limited
AEQUS,Aequs Limited
AEROENTER,Aeroflex Enterprises Limited
AEROFLEX,Aeroflex Industries Limited
AERONEU,Aeroflex Neu Limited
AETHER,Aether Industries Limited
AFFORDABLE,Affordable Robotic & Automation Limited
AFIL,Akme Fintrade (India) Limited
AFSL,Abans Financial Services Limited
AGARIND,Agarwal Industrial Corporation Limited
AGI,AGI Greenpac Limited
AGIIL,Agi Infra Limited
AGRITECH,Agri-Tech (India) Limited
AGROPHOS,Agro Phos India Limited
AHCL,Anlon Healthcare Limited
AHLADA,Ahlada Engineers Limited
AHLEAST,Asian Hotels (East) Limited
AHLUCONT,Ahluwalia Contracts (India) Limited
AHLWEST,Asian Hotels (West) Limited
AIRAN,Airan Limited
AIROLAM,Airo Lam limited
AJAXENGG,Ajax Engineering Limited
AJMERA,Ajmera Realty & Infra India Limited
AJOONI,Ajooni Biotech Limited
AKASH,Akash Infra-Projects Limited
AKG,Akg Exim Limited
AKI,AKI India Limited
AKSHAR,Akshar Spintex Limited
AKSHARCHEM,AksharChem India Limited
AKSHOPTFBR,Aksh Optifibre Limited
ALANKIT,Alankit Limited
ALBERTDAVD,Albert David Limited
ALEMBICLTD,Alembic Limited
ALGOQUANT,Algoquant Fintech Limited
ALICON,Alicon Castalloy Limited
ALIVUS,Alivus Life Sciences Limited
ALKALI,Alkali Metals Limited
ALLDIGI,Alldigi Tech Limited
ALLTIME,All Time Plastics Limited
ALMONDZ,Almondz Global Securities Limited
ALPA,Alpa Laboratories Limited
ALPHAGEO,Alphageo (India) Limited
AMAGI,Amagi Media Labs Limited
AMANTA,Amanta Healthcare Limited
AMBICAAGAR,Ambica Agarbathies & Aroma industries Limited
AMBIKCO,Ambika Cotton Mills Limited
AMDIND,AMD Industries Limited
AMIRCHAND,Amir Chand Jagdish Kumar (Exports) Limited
AMJLAND,Amj Land Holdings Limited
AMNPLST,Amines & Plasticizers Limited
AMRUTANJAN,Amrutanjan Health Care Limited
ANDHRSUGAR,The Andhra Sugars Limited
ANIKINDS,Anik Industries Limited
ANKITMETAL,Ankit Metal & Power Limited
ANMOL,Anmol India Limited
ANSALAPI,Ansal Properties & Infrastructure Limited
ANTELOPUS,Antelopus Selan Energy Limited
ANTGRAPHIC,Antarctica Limited
ANTHEM,Anthem Biosciences Limited
ANUHPHR,Anuh Pharma Limited
ANUP,The Anup Engineering Limited
ANURAS,Anupam Rasayan India Limited
APCL,Anjani Portland Cement Limited
APCOTEXIND,Apcotex Industries Limited
APEX,Apex Frozen Foods Limited
APOLLOPIPE,Apollo Pipes Limited
APOLSINHOT,Apollo Sindoori Hotels Limited
APTECHT,Aptech Limited
AQYLON,Aqylon Nexus Limited
ARCHIDPLY,Archidply Industries Limited
ARCHIES,Archies Limited
ARENTERP,Rajdarshan Industries Limited
ARFIN,Arfin India Limited
ARIES,Aries Agro Limited
ARIHANTCAP,Arihant Capital Markets Limited
ARIHANTSUP,Arihant Superstructures Limited
ARIS,Arisinfra Solutions Limited
ARKADE,Arkade Developers Limited
AROGRANITE,Aro Granite Industries Limited
ARSHIYA,Arshiya Limited
ARSSBL,Anand Rathi Share and Stock Brokers Limited
ARTNIRMAN,Art Nirman Limited
ARVEE,Arvee Laboratories (India) Limited
ARVIND,Arvind Limited
ARVSMART,Arvind SmartSpaces Limited
ASAHISONG,Asahi Songwon Colors Limited
ASHIANA,Ashiana Housing Limited
ASHIMASYN,Ashima Limited
ASHOKA,Ashoka Buildcon Limited
ASHOKAMET,Ashoka Metcast Limited
ASIANENE,Asian Energy Services Limited
ASIANTILES,Asian Granito India Limited
ASKAUTOLTD,ASK Automotive Limited
ASMS,Bartronics India Limited
ASPINWALL,Aspinwall and Company Limited
ASTEC,Astec LifeSciences Limited
ASTRON,Astron Paper & Board Mill Limited
ATALREAL,Atal Realtech Limited
ATAM,Atam Valves Limited
ATL,Allcargo Terminals Limited
ATLANTAA,ATLANTAA LIMITED
ATLANTAELE,Atlanta Electricals Limited
ATLASCYCLE,Atlas Cycles (Haryana) Limited
ATULAUTO,Atul Auto Limited
AURIGROW,Auri Grow India Limited
AURIONPRO,Aurionpro Solutions Limited
AURUM,Aurum PropTech Limited
AUSOMENT,Ausom Enterprise Limited
AUTOAXLES,Automotive Axles Limited
AUTOIND,Autoline Industries Limited
AVADHSUGAR,Avadh Sugar & Energy Limited
AVANTIFEED,Avanti Feeds Limited
AVG,AVG Logistics Limited
AVL,Aditya Vision Limited
AVONMORE,Avonmore Capital & Management Services Limited
AVROIND,AVRO INDIA LIMITED
AVTNPL,AVT Natural Products Limited
AWHCL,Antony Waste Handling Cell Limited
AXITA,Axita Cotton Limited
AYE,Aye Finance Limited
AYMSYNTEX,AYM Syntex Limited
AZAD,Azad Engineering Limited
BAFNAPH,Bafna Pharmaceuticals Limited
BAGFILMS,B.A.G Films and Media Limited
BAIDFIN,Baid Finserv Limited
BAJAJCON,Bajaj Consumer Care Limited
BAJAJELEC,Bajaj Electricals Limited
BAJAJHCARE,Bajaj Healthcare Limited
BAJAJINDEF,Indef Manufacturing Limited
BAJEL,Bajel Projects Limited
BALAJEE,Shree Tirupati Balajee Agro Trading Company Limited
BALAJITELE,Balaji Telefilms Limited
BALAMINES,Balaji Amines Limited
BALAXI,BALAXI PHARMACEUTICALS LIMITED
BALKRISHNA,Balkrishna Paper Mills Limited
BALMLAWRIE,Balmer Lawrie & Company Limited
BALPHARMA,Bal Pharma Limited
BALUFORGE,Balu Forge Industries Limited
BANARBEADS,Banaras Beads Limited
BANARISUG,Bannari Amman Sugars Limited
BANCOINDIA,Banco Products (I) Limited
BANG,Bang Overseas Limited
BANKA,Banka BioLoo Limited
BANSALWIRE,Bansal Wire Industries Limited
BANSWRAS,Banswara Syntex Limited
BASML,Bannari Amman Spinning Mills Limited
BBTCL,B&B Triplewall Containers Limited
BCG,Brightcom Group Limited
BCLIND,Bcl Industries Limited
BCONCEPTS,Brand Concepts Limited
BCPL,BCPL Railway Infrastructure Limited
BEARDSELL,Beardsell Limited
BECTORFOOD,Mrs. Bectors Food Specialities Limited
BEDMUTHA,Bedmutha Industries Limited
BELLACASA,Bella Casa Fashion & Retail Limited
BELRISE,Belrise Industries Limited
BEPL,Bhansali Engineering Polymers Limited
BETA,Beta Drugs Limited
BFINVEST,BF Investment Limited
BFUTILITIE,BF Utilities Limited
BGRENERGY,BGR Energy Systems Limited
BHAGCHEM,Bhagiradha Chemicals & Industries Limited
BHAGERIA,Bhageria Industries Limited
BHAGYANGR,Bhagyanagar India Limited
BHANDARI,Bhandari Hosiery Exports Limited
BHARATCOAL,Bharat Coking Coal Limited
BHARATGEAR,Bharat Gears Limited
BHARATRAS,Bharat Rasayan Limited
BHARATSE,Bharat Seats Limited
BHARATWIRE,Bharat Wire Ropes Limited
BIGBLOC,Bigbloc Construction Limited
BIL,Bhartiya International Limited
BIOFILCHEM,Biofil Chemicals & Pharmaceuticals Limited
BIRLACABLE,Birla Cable Limited
BIRLAMONEY,Aditya Birla Money Limited
BIRLANU,BirlaNu Limited
BLACKBUCK,BLACKBUCK LIMITED
BLAL,BEML Land Assets Limited
BLBLIMITED,BLB Limited
BLISSGVS,Bliss GVS Pharma Limited
BLKASHYAP,B. L. Kashyap and Sons Limited
BLSE,BLS E-Services Limited
BLUECHIP,Blue Chip India Limited
BLUECOAST,Blue Coast Hotels Limited
BLUESTONE,BlueStone Jewellery and Lifestyle Limited
BLUSPRING,Bluspring Enterprises Limited
BMWVENTLTD,BMW Ventures Limited
BODALCHEM,Bodal Chemicals Limited
BOHRAIND,Bohra Industries Limited
BOMDYEING,Bombay Dyeing & Mfg Company Limited
BONLON,Bonlon Industries Limited
BORANA,Borana Weaves Limited
BORORENEW,BOROSIL RENEWABLES LIMITED
BOROSCI,Borosil Scientific Limited
BOSCH-HCIL,BOSCH HOME COMFORT INDIA LIMITED
BPL,BPL Limited
BRIGHOTEL,Brigade Hotel Ventures Limited
BRNL,Bharat Road Network Limited
BROOKS,Brooks Laboratories Limited
BSHSL,Bombay Super Hybrid Seeds Limited
BSL,BSL Limited
BTML,Bodhi Tree Multimedia Limited
BUILDPRO,Shankara Buildpro Limited
BVCL,Barak Valley Cements Limited
BYKE,The Byke Hospitality Ltd
CALSOFT,California Software Company Limited
CAMLINFINE,Camlin Fine Sciences Limited
CANHLIFE,Canara HSBC Life Insurance Company Limited
CAPACITE,Capacit'e Infraprojects Limited
CAPILLARY,Capillary Technologies India Limited
CAPITALSFB,Capital Small Finance Bank Limited
CAPTRUST,Capital Trust Limited
CARRARO,Carraro India Limited
CARTRADE,Cartrade Tech Limited
CARYSIL,CARYSIL LIMITED
